"gene","coef"
"CORT",0.727825045855559
"LPAR5",-0.998922750344217
"CEBPA",-0.673540988083422
"MYH10",-0.38584739203971
"MAGEA11",-1.46460341458705
